Stephen Curry,GSW,45780966,48070014,51915615,55761216,59606817,,Bird Rights,261134628
John Wall,HOU,44310840,47366760,,,,,Bird Rights,44310840
Russell Westbrook,LAL,44211146,47063478,,,,,Bird Rights,44211146
James Harden,PHI,43848000,46872000,,,,,Bird Rights,43848000
LeBron James,LAL,41180544,44474988,,,,,Bird,85655532
Kevin Durant,BRK,40918900,42969845,42969845,49856021,53282609,,Sign and Trade,229997220
Giannis Antetokounmpo,MIL,39344970,42492568,45640165,48787763,51935360,,Bird,176265466
Paul George,LAC,39344970,42492568,45640165,48787763,,,Bird,127477703
Damian Lillard,POR,39344900,42492492,45640084,48787676,,,1st Round Pick,176265152
Kawhi Leonard,LAC,39344900,42492492,45640084,48787676,,,Early Bird,127477476
Klay Thompson,GSW,37980720,40600080,43219440,,,,Bird Rights,121800240
Jimmy Butler,MIA,36016200,37653300,45183960,48798677,52413394,,Sign and Trade,167652137
Tobias Harris,PHI,36000000,38482759,40965517,,,,Bird Rights,115448276
Khris Middleton,MIL,35500000,37948276,40396552,,,,Bird Rights,73448276
Anthony Davis,LAL,35361360,37980720,40600080,43219440,,,Bird,113942160
Rudy Gobert,UTA,35344828,38172414,41000000,43827587,46655173,,Bird,158344829
Kyrie Irving,BRK,34916200,36503300,,,,,Cap space,34916200
Bradley Beal,WAS,34502130,37262300,,,,,Cap Space,34502130
Kristaps Porziņģis,WAS,31650600,33833400,36016200,,,,Bird Rights,65484000
Devin Booker,PHO,31610000,33790000,35970000,,,,1st round pick,101370000
Karl-Anthony Towns,MIN,31610000,33790000,35970000,,,,1st Round Pick,101370000
Jamal Murray,DEN,31590000,33930000,36270000,38610000,,,1st Round pick,140400000
Ben Simmons,BRK,31590000,33930000,36270000,38610000,,,1st Round pick,140400000
Joel Embiid,PHI,31579390,33616770,43732500,47231100,50729700,54228300,1st Round Pick,206889460
Andrew Wiggins,GSW,31579390,33616770,,,,,1st Round Pick,65196160
Pascal Siakam,TOR,31320000,33640000,35960000,,,,1st Round pick,100920000
Kevin Love,CLE,31300000,28900000,,,,,Bird Rights,60200000
CJ McCollum,NOP,30864198,33333333,35802469,,,,1st Round Pick,100000000
Chris Paul,PHO,30800000,28400000,30800000,30000000,,,Bird,75000000
Nikola Jokić,DEN,30510423,32478837,,,,,Bird Rights,62989260
Jrue Holiday,MIL,30133333,32393333,34653333,36913333,,,Bird,97179999
D'Angelo Russell,MIN,30013500,31377750,,,,,Sign and Trade,61391250
Gordon Hayward,CHO,29900000,30100000,31500000,,,,Sign and Trade,91500000
Blake Griffin,DET,32405817,,,,,,,29764126
Brandon Ingram,NOP,29467800,31650600,33833400,36016200,,,Bird,130968000
De'Aaron Fox,SAC,28103550,30351834,32600118,34848402,37096686,,Bird,163000590
Bam Adebayo,MIA,28103550,30351834,32600118,34848402,37096686,,Bird,163000590
Donovan Mitchell,UTA,28103550,30351834,32600118,34848402,37096686,,Bird,125903904
Jayson Tatum,BOS,28103550,30351834,32600118,34848402,37096686,,Bird,125903904
Al Horford,BOS,27000000,26500000,,,,,Cap Space,41500000
Kyle Lowry,MIA,26984128,28333334,29682540,,,,Bird,85000002
Kemba Walker,OKC,8729020,9165471,,,,,,53669500
DeMar DeRozan,CHI,26000000,27300000,28600000,,,,Sign and Trade,81900000
Jaylen Brown,BOS,24830357,26669643,28508929,,,,1st Round pick,80008929
Draymond Green,GSW,24026712,25806469,27586225,,,,Bird Rights,49833181
Nikola Vučević,CHI,24000000,22000000,,,,,Bird Rights,46000000
John Collins,ATL,23000000,23500000,25340000,26580000,26580000,,Bird,125000000
Buddy Hield,IND,22477273,20522727,18568182,,,,1st Round pick,61568182
Malcolm Brogdon,IND,21700000,22600000,21634615,23365385,,,Sign and Trade,89300000
Tim Hardaway Jr.,DAL,21306816,19602273,17897728,16193183,,,Bird,75000000
Mike Conley,UTA,21000000,22680000,24360000,,,,Bird,58000000
Gary Harris,ORL,20482143,,,,,,1st Round Pick,20482143
Danilo Gallinari,ATL,20475000,21450000,,,,,Sign and Trade,25475000
Harrison Barnes,SAC,20284091,18352273,,,,,Bird Rights,38636364
Jarrett Allen,CLE,20000000,20000000,20000000,20000000,20000000,,Bird,100000000
Jerami Grant,DET,20000000,20952381,,,,,Sign and Trade,40952381
Julius Randle,NYK,19800000,23760000,25660800,27561600,29462400,,Cap Space,96782400
Fred VanVleet,TOR,19675926,21250000,22824074,,,,Bird,40925926
Zach LaVine,CHI,19500000,,,,,,Cap space,19500000
Goran Dragić,SAS,19440000,,,,,,,19440000
Bojan Bogdanović,UTA,18700000,19550000,,,,,Cap Space,38250000
Lonzo Ball,CHI,18604651,19534884,20465117,21395348,,,Sign and Trade,58604652
Domantas Sabonis,SAC,18562500,19937500,21312500,,,,1st Round pick,59812500
Eric Gordon,HOU,18218818,19568360,20917902,,,,Cap Space,37787178
Evan Fournier,NYK,18139535,19046512,19953488,20860465,,,Sign and Trade,57139535
Eric Bledsoe,POR,18125000,19375000,,,,,Bird Rights,22025000
Myles Turner,IND,18000000,18000000,,,,,1st Round pick,36000000
Bogdan Bogdanović,ATL,18000000,18000000,18000000,,,,Cap Space,36000000
Terry Rozier,CHO,17905263,21486316,23205221,24924126,26643031,,Sign and Trade,114163957
Ricky Rubio,IND,17809524,,,,,,Cap Space,17809524
Caris LeVert,CLE,17500000,18796296,,,,,1st Round pick,36296296
Jonathan Isaac,ORL,17400000,17400000,17400000,17400000,,,Bird,69600000
Joe Harris,BRK,17357143,18642857,19928571,,,,Bird,55928571
Spencer Dinwiddie,DAL,17142857,18000000,18857143,,,,Sign and Trade,45142857
Clint Capela,ATL,17103448,18206897,20616000,22265280,,,Bird Rights,78191625
Steven Adams,MEM,17073171,17926829,,,,,1st Round Pick,35000000
Markelle Fultz,ORL,16500000,16500000,17000000,,,,Bird,35000000
Aaron Gordon,DEN,16409091,19690909,21266182,22841455,22841455,,Bird Rights,80207637
OG Anunoby,TOR,16071429,17357143,18642857,19928571,,,Bird,52071429
Dāvis Bertāns,DAL,16000000,16000000,17000000,16000000,,,Bird,60000000
Gary Trent Jr.,TOR,16000000,17280000,18560000,,,,Bird,33280000
Lauri Markkanen,CLE,15690909,16475454,17259999,18044544,,,Sign and Trade,55426362
Marcus Morris,LAC,15627907,16372093,17116279,,,,Non Bird,49116279
Duncan Robinson,MIA,15560000,16902000,18154000,19406000,19888000,,Bird,79910000
Norman Powell,LAC,15517242,16758621,18000000,19241379,20482758,,Bird,90000000
Dejounte Murray,SAS,15428571,16571429,17714286,,,,1st Round pick,49714286
Will Barton,DEN,15384615,16615385,,,,,Bird,32000000
Derrick White,BOS,15178571,16392857,17607143,18821429,,,Bird,68000000
Taurean Prince,MIN,15057692,,,,,,1st Round pick,15057692
Malik Beasley,MIN,14391964,15458035,16524106,,,,Bird,29849999
Marcus Smart,BOS,14339285,16607142,18583713,19960285,21336856,,Bird Rights,90827281
Patrick Beverley,MIN,14320988,13000000,,,,,Bird Rights,27320988
Thaddeus Young,TOR,14190000,,,,,,Cap space,14190000
Jonas Valančiūnas,NOP,14000000,14700000,15435000,,,,Bird Rights,44135000
Joe Ingles,POR,14000000,,,,,,Bird Rights,14000000
Doug McDermott,SAS,13750000,13750000,13750000,,,,Sign and Trade,41250000
Christian Wood,HOU,13666667,14317459,,,,,Sign and Trade,27984126
Derrick Rose,NYK,13445120,14520730,15596339,,,,Early Bird,27965850
Brook Lopez,MIL,13302325,13906976,,,,,Cap Space,27209301
Kentavious Caldwell-Pope,WAS,13038862,14004703,,,,,Early Bird,17926980
Kyle Kuzma,WAS,13000000,13000000,13000000,,,,Bird,26000000
Robert Covington,LAC,12975471,,,,,,Cap Space,12975471
Luke Kennard,LAC,12727273,13745455,14763636,14763636,,,Bird,41236364
T.J. Warren,IND,12690000,,,,,,1st Round Pick,12690000
Deandre Ayton,PHO,12632950,,,,,,1st Round Pick,12632950
Terrence Ross,ORL,12500000,11500000,,,,,Bird Rights,24000000
Jordan Clarkson,UTA,12420000,13340000,14260000,,,,Bird,25760000
Dillon Brooks,MEM,12200000,11400000,,,,,MLE,23600000
Kelly Olynyk,DET,12195122,12804878,12195122,,,,Cap Space,28000000
Kelly Oubre Jr.,CHO,12000000,12600000,,,,,Cap Space,17000000
Josh Hart,POR,12000000,12960000,12960000,,,,Bird,12000000
Jusuf Nurkić,POR,12000000,,,,,,Bird Rights,4000000
Josh Richardson,SAS,11600000,12384672,,,,,Minimum Salary,23984672
Marvin Bagley III,DET,11312114,,,,,,1st Round Pick,11312114
Devonte' Graham,NOP,11000000,11550000,12100000,12650000,,,Sign and Trade,37500000
Dwight Powell,DAL,11000000,11814815,,,,,Cap Space,22814815
Zion Williamson,NOP,10733400,13534817,,,,,1st Round Pick,10733400
Larry Nance Jr.,NOP,10690909,9672727,,,,,1st Round pick,20363636
Jeremy Lamb,SAC,10500000,,,,,,Cap Space,10500000
Richaun Holmes,SAC,10384500,11215260,12046020,12876780,,,Early Bird,33645780
Reggie Jackson,LAC,10384500,11215260,,,,,Early Bird,21599760
Anthony Edwards,MIN,10245480,10733400,13534817,,,,1st Round Pick,20978880
Luka Dončić,DAL,10174391,35700000,38556000,41412000,44268000,47124000,1st Round Pick,217234391
Cade Cunningham,DET,10050120,10552800,11055240,13940658,,,1st Round Pick,20602920
Danny Green,PHI,10000000,10000000,,,,,Early Bird,10000000
Tomáš Satoranský,SAS,10000000,,,,,,Sign and Trade,5000000
Kyle Anderson,MEM,9937150,,,,,,MLE,9937150
Serge Ibaka,MIL,9742000,,,,,,MLE,9742000
Jae Crowder,PHO,9720900,10183800,,,,,MLE,19904700
Derrick Favors,OKC,9720900,10183800,,,,,MLE,9720900
Tristan Thompson,IND,9720900,,,,,,MLE,9720900
Montrezl Harrell,CHO,9720900,,,,,,MLE,9720900
Derrick Jones Jr.,CHI,9720900,,,,,,MLE,9720900
Ja Morant,MEM,9603360,12119440,,,,,1st Round Pick,21722800
Reggie Bullock,DAL,9536000,10012800,10489600,,,,MLE,25000000
Alec Burks,NYK,9536000,10012800,10489600,,,,Cap Space,19548800
Talen Horton-Tucker,LAL,9500000,10260000,11020000,,,,Early Bird,19760000
Jaren Jackson Jr.,MEM,9180560,23437500,25312500,27187500,29062500,,1st Round Pick,114180560
James Wiseman,GSW,9166800,9603360,12119440,,,,1st Round Pick,18770160
Nicolas Batum,CHO,12213507,12372008,,,,,,18086956
Dario Šarić,PHO,9000000,9666667,,,,,Bird,18666667
Jalen Green,HOU,8992200,9441720,9891600,12483199,,,1st Round Pick,18433920
Nerlens Noel,NYK,8800000,9240000,9680000,,,,Cap Space,18040000
Jakob Poeltl,SAS,8750000,9398148,,,,,Bird,18148148
Maxi Kleber,DAL,8750000,9000000,,,,,Early Bird Rights,8750000
Thomas Bryant,WAS,8730159,,,,,,Early Bird Rights,8730159
Kemba Walker,NYK,8729020,9165471,,,,,Cap Space,17894491
Royce O'Neale,UTA,8678571,9321429,9964286,,,,Cap space,27964286
RJ Barrett,NYK,8623920,10900635,,,,,1st Round Pick,19524555
Alex Caruso,CHI,8604651,9034884,9465116,9895349,,,MLE,37000000
Delon Wright,ATL,8526316,,,,,,Sign and Trade,8526316
De'Anthony Melton,MEM,8437500,9062500,9687500,,,,Early Bird,27187500
Daniel Theis,BOS,8372093,8790698,9209302,9627907,,,Sign and Trade,36000000
Monte Morris,DEN,8333333,9000000,9666667,,,,Bird,27000000
Trae Young,ATL,8326471,29750000,32130000,34510000,36890000,39270000,1st Round Pick,180876471
JaMychal Green,DEN,8292683,8707317,,,,,Non Bird,17000000
LaMelo Ball,CHO,8231760,8623920,10900635,,,,1st Round Pick,16855680
Seth Curry,BRK,8186047,8558140,,,,,MLE,16744187
Mason Plumlee,CHO,8137500,8525000,,,,,Cap space,16662500
Evan Mobley,CLE,8075160,8478720,8882760,11227809,,,1st Round Pick,16553880
Cedi Osman,CLE,8050000,7350000,6650000,,,,MLE,15400000
DeAndre Jordan,DET,10517224,7827907,,,,,,15703440
De'Andre Hunter,ATL,7775400,9835881,,,,,1st Round Pick,17611281
Mo Bamba,ORL,7568742,,,,,,1st Round Pick,7568742
Tyus Jones,MEM,7522200,,,,,,MLE,7522200
Ivica Zubac,LAC,7518518,7518518,,,,,Bird Rights,7518518
T.J. McConnell,IND,7500000,8100000,8700000,9300000,,,Early Bird,29300000
Patrick Williams,CHI,7422000,7775400,9835881,,,,1st Round Pick,15197400
Scottie Barnes,TOR,7280520,7644720,8008560,10130828,,,1st Round Pick,14925240
Darius Garland,CLE,7040880,8920795,,,,,1st Round Pick,15961675
Chris Boucher,TOR,7009615,,,,,,Early Bird,7009615
D.J. Augustin,HOU,7000000,333333,,,,,,7333333
P.J. Tucker,MIA,7000000,7350000,,,,,MLE,7000000
Zach Collins,SAS,6984127,7333333,7682540,,,,Cap Space,22000000
Wendell Carter Jr.,ORL,6920027,14150000,13050000,11950000,10850000,,1st Round Pick,50000000
Isaac Okoro,CLE,6720720,7040880,8920795,,,,1st Round Pick,13761600
Jalen Suggs,ORL,6593040,6922440,7252200,9188537,,,1st Round Pick,13515480
Cameron Payne,PHO,6500000,6000000,6500000,,,,Early Bird,14500000
Joakim Noah,NYK,6431666,,,,,,,6431666
Jarrett Culver,MEM,6395160,8109063,,,,,1st Round Pick,6395160
Khem Birch,TOR,6350000,6667750,6985000,,,,MLE,20002750
Collin Sexton,CLE,6349671,,,,,,1st Round Pick,6349671
Juancho Hernangómez,UTA,6175440,6632880,,,,,Bird,6175440
Onyeka Okongwu,ATL,6104280,6395160,8109063,,,,1st Round Pick,12499440
Justin Holiday,SAC,6006420,6292440,,,,,Non Bird,12298860
Josh Giddey,OKC,5988000,6287400,6587040,8352367,,,1st Round Pick,12275400
Rudy Gay,UTA,5890000,6184500,6479000,,,,Mini MLE,12074500
Dennis Schröder,HOU,5890000,,,,,,Mini MLE,5890000
Patty Mills,BRK,5890000,6184500,,,,,Mini MLE,5890000
Kevin Knox,ATL,5845978,,,,,,1st Round Pick,5845978
Coby White,CHI,5837760,7413955,,,,,1st Round Pick,5837760
Timofey Mozgov,ORL,5573334,,,,,,,5573334
Killian Hayes,DET,5572680,5837760,7413955,,,,1st Round Pick,11410440
Mikal Bridges,PHO,5557725,20089286,21696429,23303571,24910714,,1st Round Pick,95557725
Shai Gilgeous-Alexander,OKC,5495532,29750000,32130000,34510000,36890000,39270000,1st Round Pick,178045532
Jonathan Kuminga,GSW,5466360,5739960,6012720,7636154,,,1st Round Pick,11206320
Miles Bridges,CHO,5421493,,,,,,1st Round Pick,5421493
Jaxson Hayes,NOP,5348280,6803012,,,,,1st Round Pick,12151292
Pat Connaughton,MIL,5333333,5728395,,,,,Early Bird,5333333
Michael Porter Jr.,DEN,5258735,29750000,32130000,34510000,36890000,39270000,1st Round Pick,150538735
Ryan Anderson,MIA,5214584,,,,,,,5214584
Hamidou Diallo,DET,5200000,5200000,,,,,Bird,5200000
Kevon Looney,GSW,5178572,,,,,,Bird Rights,5178572
Troy Brown Jr.,CHI,5170564,,,,,,1st Round Pick,5170564
Obi Toppin,NYK,5105160,5348280,6803012,,,,1st Round Pick,10453440
Franz Wagner,ORL,5007840,5258280,5508720,7007092,,,1st Round Pick,10266120
Josh Jackson,DET,5005350,,,,,,Room Exception,5005350
JaVale McGee,PHO,5000000,,,,,,MLE,5000000
Robin Lopez,ORL,5000000,,,,,,MLE,5000000
Kendrick Nunn,LAL,5000000,5250000,,,,,Mini MLE,5000000
Lou Williams,ATL,5000000,,,,,,Bird,5000000
Luol Deng,LAL,4990000,,,,,,,4990000
Rui Hachimura,WAS,4916160,6263188,,,,,1st Round Pick,11179348
Garrett Temple,NOP,4910000,5155500,5401000,,,,Sign and Trade,10065500
Cory Joseph,DET,7310000,5155000,,,,,Room Exception,7310000
Taj Gibson,NYK,4910000,5155500,,,,,Room Exception,4910000
Torrey Craig,PHO,4878049,5121951,,,,,MLE,10000000
Rajon Rondo,MEM,2641691,,,,,,,4858309
Bruce Brown,BRK,4736102,,,,,,,4736102
Deni Avdija,WAS,4692840,4916160,6263188,,,,1st Round Pick,9609000
Donte DiVincenzo,SAC,4675830,,,,,,1st Round Pick,4675830
Cam Reddish,NYK,4670160,5954454,,,,,1st Round Pick,10624614
David Nwaba,HOU,4650000,5022000,5394000,,,,Early Bird,9672000
Furkan Korkmaz,PHI,4629630,5000000,5370370,,,,Bird,15000000
Davion Mitchell,SAC,4603320,4833600,5063760,6451230,,,1st Round Pick,9436920
Ish Smith,WAS,4500000,4725000,,,,,Room Exception,4500000
Jeff Green,DEN,4500000,4500000,,,,,MLE,4500000
Jalen Smith,IND,4458000,4670160,5954454,,,,1st Round Pick,4458000
Lonnie Walker IV,SAS,4447896,,,,,,1st Round Pick,4447896
Cameron Johnson,PHO,4437000,5887899,,,,,1st Round Pick,10324899
Ziaire Williams,MEM,4373160,4591920,4810200,6133005,,,1st Round Pick,8965080
Maurice Harkless,SAC,4347600,4564980,,,,,Non Bird,8912580
Bobby Portis,MIL,4347600,4564980,,,,,Non Bird,4347600
Jarred Vanderbilt,MIN,4259259,4600000,4940741,,,,Bird,13800000
Kevin Huerter,ATL,4253357,14508929,15669643,16830357,17991071,,1st Round Pick,69253357
Devin Vassell,SAS,4235160,4437000,5887899,,,,1st Round Pick,8672160
P.J. Washington,CHO,4215120,5808435,,,,,1st Round Pick,10023555
James Bouknight,CHO,4154400,4362240,4570080,6064496,,,1st Round Pick,8516640
Josh Okogie,MIN,4087904,,,,,,1st Round Pick,4087904
Grayson Allen,MIL,4054695,9615385,10384615,,,,1st Round Pick,24054695
Tyrese Haliburton,IND,4023600,4215120,5808435,,,,1st Round Pick,8238720
Tyler Herro,MIA,4004280,5722116,,,,,1st Round Pick,9726396
Dorian Finney-Smith,DAL,4000000,12402000,13394160,14386320,15378480,,Bird Rights,44182480
Terence Davis,SAC,4000000,4000000,,,,,Early Bird,8000000
George Hill,MIL,4000000,4000000,,,,,MLE,8000000
Gorgui Dieng,ATL,4000000,,,,,,MLE,4000000
Aaron Holiday,PHO,3980551,,,,,,1st Round Pick,3980551
Joshua Primo,SAS,3946800,4144320,4341600,5982725,,,1st Round Pick,8091120
Jake Layman,MIN,3940184,,,,,,Sign and Trade,3940184
Anfernee Simons,POR,3938818,,,,,,1st Round Pick,3938818
Justise Winslow,POR,3902439,4097561,,,,,Mini MLE,8000000
Jevon Carter,BRK,3833333,4117284,,,,,Early Bird,7950617
Kira Lewis Jr.,NOP,3822240,4004280,5722116,,,,1st Round Pick,7826520
Romeo Langford,SAS,3804360,5634257,,,,,1st Round Pick,9438617
Facundo Campazzo,DEN,3804150,,,,,,Bi-Annual Exception,3804150
Landry Shamet,PHO,3768342,9598214,10366071,11133929,11901786,,1st Round Pick,46768342
Chris Duarte,IND,3749520,3936960,4124280,5893596,,,1st Round Pick,7686480
Alex Len,SAC,3731707,3918293,,,,,Bi-Annual Exception,7650000
Robert Williams,BOS,3661976,10700000,11556000,12412000,13268000,,1st Round Pick,51597976
Aaron Nesmith,BOS,3631200,3804360,5634257,,,,1st Round Pick,7435560
Sekou Doumbouya,HOU,,,,,,,,3613680
Moses Moody,GSW,3562080,3740160,3918480,5803269,,,1st Round Pick,7302240
Boban Marjanović,DAL,3500000,3500000,,,,,Early Bird,7000000
Mike Muscala,OKC,3500000,3500000,,,,,MLE,3500000
Cole Anthony,ORL,3449400,3613680,5539771,,,,1st Round Pick,7063080
Corey Kispert,WAS,3383640,3552960,3722040,5705887,,,1st Round Pick,6936600
Trey Burke,DAL,3333333,3492063,,,,,MLE,3333333
Georges Niang,PHI,3300000,3465000,,,,,MLE,6765000
Chuma Okeke,ORL,3277080,3433320,5266713,,,,1st Round Pick,6710400
Isaiah Stewart,DET,3277080,3433320,5266713,,,,1st Round Pick,6710400
Nickeil Alexander-Walker,UTA,3261480,5009633,,,,,1st Round Pick,8271113
Alperen Şengün,HOU,3214680,3375480,3536400,5424838,,,1st Round Pick,6590160
Nicolas Batum,LAC,12213507,12372008,,,,,Non Bird,3170029
Jon Leuer,MIL,3169347,,,,,,,3169347
Aleksej Pokusevski,OKC,3113160,3261480,5009633,,,,1st Round Pick,6374640
Goga Bitadze,IND,3098400,4765339,,,,,1st Round Pick,7863739
Trey Murphy III,NOP,3053760,3206640,3359280,5159854,,,1st Round Pick,6260400
Sterling Brown,DAL,3000000,3000000,,,,,Bi-Annual Exception,6000000
Michael Carter-Williams,ORL,3000000,,,,,,,3000000
Frank Jackson,DET,3000000,3150000,,,,,Cap Space,3000000
Luka Šamanić,SAS,,,,,,,,2959080
Josh Green,DAL,2957520,3098400,4765339,,,,1st Round Pick,6055920
Tre Mann,OKC,2901240,3046200,3191280,4908189,,,1st Round Pick,5947440
Dewayne Dedmon,DET,5256308,2866667,2866667,2866667,,,,11466668
Andrew Nicholson,POR,2844429,2844429,2844429,,,,,8533287
Matisse Thybulle,PHI,2840160,4379527,,,,,1st Round Pick,7219687
Saddiq Bey,DET,2824320,2959080,4556983,,,,1st Round Pick,5783400
Kai Jones,CHO,2770560,2909160,3047760,4693550,,,1st Round Pick,5679720
Brandon Clarke,MEM,2726880,4343920,,,,,1st Round Pick,7070800
Precious Achiuwa,TOR,2711280,2840160,4379527,,,,1st Round Pick,5551440
Jalen Johnson,ATL,2659560,2792520,2925480,4511090,,,1st Round Pick,5452080
Paul Millsap,PHI,2641691,,,,,,Minimum Salary,2641691
E'Twaun Moore,ORL,2641691,,,,,,,2641691
Markieff Morris,MIA,2641691,,,,,,Minimum Salary,2641691
Udonis Haslem,MIA,2641691,,,,,,Minimum Salary,2641691
DeAndre Jordan,LAL,10517224,7827907,,,,,Minimum Salary,2641691
Dwight Howard,LAL,2641691,,,,,,Minimum Salary,2641691
Wayne Ellington,LAL,2641691,,,,,,Minimum Salary,2641691
Trevor Ariza,LAL,2641691,,,,,,Minimum Salary,2641691
Carmelo Anthony,LAL,2641691,,,,,,Minimum Salary,2641691
Enes Freedom,HOU,2641691,,,,,,,2641691
Andre Iguodala,GSW,2641691,,,,,,Minimum Salary,2641691
Rajon Rondo,CLE,2641691,,,,,,Minimum Salary,2641691
James Johnson,BRK,2641691,,,,,,Minimum Salary,2641691
Blake Griffin,BRK,32405817,,,,,,Minimum Salary,2641691
LaMarcus Aldridge,BRK,2641691,,,,,,Minimum Salary,2641691
Avery Bradley,LAL,2641691,,,,,,,
Ed Davis,CLE,2641691,,,,,,,
Grant Williams,BOS,2617800,4306281,,,,,1st Round Pick,6924081
Tyrese Maxey,PHI,2602920,2726880,4343920,,,,1st Round Pick,5329800
Keon Johnson,POR,2553120,2681040,2808720,4474291,,,1st Round Pick,5234160
Darius Bazley,OKC,2513040,4264629,,,,,1st Round Pick,6777669
Trey Lyles,SAC,2500000,2625000,,,,,Cap Space,2500000
Zeke Nnaji,DEN,2498760,2617800,4306281,,,,1st Round Pick,5116560
Isaiah Jackson,IND,2451120,2573760,2696280,4435381,,,1st Round Pick,5024880
Ty Jerome,OKC,2412840,4220057,,,,,1st Round Pick,6632897
Hassan Whiteside,UTA,2401537,,,,,,Minimum Salary,2401537
Kent Bazemore,LAL,2401537,,,,,,Minimum Salary,2401537
Austin Rivers,DEN,2401537,,,,,,Minimum Salary,2401537
Andre Drummond,BRK,2401537,,,,,,Minimum Salary,2401537
Cory Joseph,DET,7310000,5155000,,,,,,7310000
Cody Zeller,POR,2389641,,,,,,,2389641
Ben McLemore,POR,2389641,,,,,,Minimum Salary,2389641
Solomon Hill,NYK,2389641,,,,,,,2389641
Tony Snell,NOP,2389641,,,,,,Minimum Salary,2389641
Victor Oladipo,MIA,2389641,,,,,,Minimum Salary,2389641
Dewayne Dedmon,MIA,5256308,2866667,2866667,2866667,,,Minimum Salary,2389641
Otto Porter Jr.,GSW,2389641,,,,,,Minimum Salary,2389641
Leandro Bolmaro,MIN,2353320,2471160,2588400,4392515,,,1st Round Pick,4824480
Usman Garuba,HOU,2353320,2471160,2588400,4392515,,,1st Round Pick,4824480
Willy Hernangómez,NOP,2327220,2443581,2559942,,,,Non Bird,4770801
Nassir Little,POR,2316240,4171548,,,,,1st Round Pick,6487788
R.J. Hampton,ORL,2303040,2412840,4220057,,,,1st Round Pick,4715880
Josh Christopher,HOU,2259240,2372160,2485200,4346615,,,1st Round Pick,4631400
Monta Ellis,IND,2245400,,,,,,,2245400
Elfrid Payton,PHO,2239544,,,,,,Minimum Salary,2239544
Rodney Hood,LAC,2239544,,,,,,Minimum Salary,2239544
Dylan Windler,CLE,2239200,4037278,,,,,1st Round Pick,6276478
Immanuel Quickley,NYK,2210640,2316240,4171548,,,,1st Round Pick,4526880
John Konchar,MEM,2197674,2302326,2406977,,,,MLE,6906977
Quentin Grimes,NYK,2168760,2277000,2385720,4296682,,,1st Round Pick,4445760
Jordan Poole,GSW,2161440,3901399,,,,,1st Round Pick,6062839
Bol Bol,ORL,2161152,,,,,,MLE,2161152
Keldon Johnson,SAS,2145720,3873025,,,,,1st Round Pick,6018745
Payton Pritchard,BOS,2137440,2239200,4037278,,,,1st Round Pick,4376640
Kevin Porter Jr.,HOU,2130240,3845083,,,,,1st Round Pick,5975323
Bones Hyland,DEN,2096880,2201400,2306400,4158439,,,1st Round Pick,4298280
Raul Neto,WAS,2089448,,,,,,Minimum Salary,2089448
Frank Kaminsky,PHO,2089448,,,,,,Minimum Salary,2089448
Nemanja Bjelica,GSW,2089448,,,,,,Minimum Salary,2089448
Udoka Azubuike,UTA,2075880,2174880,3923484,,,,1st Round Pick,4250760
Jaden McDaniels,MIN,2063280,2161440,3901399,,,,1st Round Pick,4224720
Malachi Flynn,TOR,2048040,2145720,3873025,,,,1st Round Pick,4193760
Cam Thomas,BRK,2036280,2138160,2240040,4041032,,,1st Round Pick,4174440
Desmond Bane,MEM,2033160,2130240,3845083,,,,1st Round Pick,4163400
Jaden Springer,PHI,2023800,2125200,2226360,4018580,,,1st Round Pick,4149000
Day'Ron Sharpe,BRK,2009040,2109360,2210160,3989339,,,1st Round Pick,4118400
Jeremiah Robinson-Earl,OKC,2000000,2000000,1900000,1988598,,,MLE,4000000
Killian Tillie,MEM,2000000,2000000,,,,,Room Exception,4000000
Abdel Nader,PHO,2000000,,,,,,,2000000
Théo Maledon,OKC,2000000,1900000,1930681,,,,MLE,2000000
Kenrich Williams,OKC,2000000,2000000,,,,,,
Santi Aldama,MEM,1994520,2094240,2194200,3960531,,,1st Round Pick,4088760
Damian Jones,SAC,1977011,,,,,,,
Wesley Matthews,MIL,1958501,,,,,,,
Rodney McGruder,DET,1939350,,,,,,Minimum Salary,1939350
DeAndre' Bembry,BRK,1939350,,,,,,,1939350
Gary Payton II,GSW,1939350,,,,,,Minimum Salary,350000
Timothé Luwawu-Cabarrot,ATL,1939350,,,,,,,
PJ Dozier,ORL,1910860,,,,,,,1910860
Damion Lee,GSW,1910860,,,,,,,
Larry Sanders,MIL,1865547,,,,,,,1865547
Shake Milton,PHI,1846738,1997718,,,,,Cap Space,1846738
Mitchell Robinson,NYK,1802057,,,,,,MLE,1802057
Jalen Brunson,DAL,1802057,,,,,,,
Malik Monk,LAL,1789256,,,,,,Minimum Salary,1789256
Semi Ojeleye,LAC,1789256,,,,,,Minimum Salary,1789256
Frank Ntilikina,DAL,1789256,2036318,,,,,Minimum Salary,1789256
Tony Bradley,CHI,1789256,2036318,,,,,Minimum Salary,1789256
Dennis Smith Jr.,POR,1789256,,,,,,,
Didi Louzada,POR,1786878,1876222,1965566,2057646,,,Non Bird,3663100
Daniel Gafford,WAS,1782621,1930681,12402000,13394160,14386320,,Minimum Salary,43895782
Terance Mann,LAC,1782621,1930681,10576923,11423077,,,Minimum Salary,25713302
Eric Paschall,UTA,1782621,,,,,,MLE,1782621
KZ Okpala,OKC,1782621,,,,,,,1782621
Bruno Fernando,HOU,1782621,,,,,,Cap space,1782621
Cody Martin,CHO,1782621,,,,,,MLE,1782621
Nic Claxton,BRK,1782621,,,,,,Minimum Salary,1782621
Luguentz Dort,OKC,1782621,1930681,,,,,Minimum Salary,625000
Isaiah Roby,OKC,1782621,1930681,,,,,,
Naz Reid,MIN,1782621,1930681,,,,,,
Jaylen Nowell,MIN,1782621,1930681,,,,,,
Vlatko Čančar,DEN,1782621,,,,,,,
Dean Wade,CLE,1782621,1930681,,,,,,
Jalen McDaniels,CHO,1782621,1930681,,,,,,
Drew Eubanks,TOR,1762796,,,,,,,1762796
Chimezie Metu,SAC,1762796,1910860,,,,,,
Yuta Watanabe,TOR,1762769,,,,,,,
Svi Mykhailiuk,TOR,1729217,1878720,,,,,Minimum Salary,1729217
Keita Bates-Diop,SAS,1729217,1878720,,,,,Minimum Salary,1729217
Moritz Wagner,ORL,1729217,1878720,,,,,Minimum Salary,1729217
Thanasis Antetokounmpo,MIL,1729217,1878720,,,,,Minimum Salary,1729217
Isaac Bonga,TOR,1729217,,,,,,,
Isaiah Hartenstein,LAC,3430810,,,,,,,
Juan Toscano-Anderson,GSW,1701593,,,,,,Minimum Salary,1701593
Moses Brown,DAL,1701593,,,,,,,1701593
Oshae Brissett,IND,1701593,1846738,,,,,,
Isaiah Hartenstein,CLE,3430810,,,,,,,
Herbert Jones,NOP,1700000,1785000,1836096,,,,MLE,3485000
Gabriel Deck,OKC,1690507,,,,,,Cap Space,1690507
Jordan McLaughlin,MIN,1669178,1815677,1968182,,,,Early Bird,5453037
Javonte Green,CHI,1669178,1815677,,,,,Minimum Salary,3484855
Max Strus,MIA,1669178,1815677,,,,,Minimum Salary,1669178
Gabe Vincent,MIA,1669178,1815677,,,,,Minimum Salary,1669178
Kevin Pangos,CLE,1669178,1815677,,,,,MLE,1669178
Matt Thomas,CHI,1669178,,,,,,Minimum Salary,1669178
Vernon Carey Jr.,WAS,1517981,1782621,1930681,,,,Cap Space,3300602
Xavier Tillman Sr.,MEM,1517981,1782621,1930681,,,,MLE,3300602
Tyrell Terry,DAL,1517981,1782621,,,,,,3300602
Tre Jones,SAS,1517981,1782621,,,,,MLE,1517981
Robert Woodard II,SAC,1517981,,,,,,,1517981
Jahmi'us Ramsey,SAC,1517981,,,,,,,1517981
CJ Elleby,POR,1517981,,,,,,Minimum Salary,1517981
Elijah Hughes,POR,1517981,,,,,,Minimum Salary,1517981
Isaiah Joe,PHI,1517981,1782621,,,,,MLE,1517981
Naji Marshall,NOP,1517981,1782621,1930681,,,,MLE,1517981
Jordan Nwora,MIL,1517981,,,,,,Minimum Salary,1517981
Nick Richards,CHO,1517981,1782621,,,,,Cap Space,1517981
Anthony Gill,WAS,1517981,,,,,,,
Paul Reed,PHI,1517981,1782621,,,,,,
Kenyon Martin Jr.,HOU,1517981,1782621,1930681,,,,,
Jae'Sean Tate,HOU,1517981,1782621,,,,,,
Lamar Stevens,CLE,1517981,1782621,1930681,,,,,
Isaiah Todd,WAS,1500000,1563518,1836096,1988598,,,MLE,4899614
Saben Lee,DET,1489065,1752638,1902137,,,,Cap Space,3241703
Omer Yurtseven,MIA,1489065,1752638,,,,,Minimum Salary,1489065
Armoni Brooks,HOU,1489065,,,,,,,1489065
J.R. Smith,CLE,1456666,,,,,,,1456666
Danuel House Jr.,HOU,2045094,,,,,,,1387498
Bismack Biyombo,PHO,1366392,,,,,,Minimum Salary,1518213
George Hill,PHI,4000000,4000000,,,,,,1275491
DeMarre Carroll,SAS,1252127,,,,,,,1252127
JT Thor,CHO,1250000,1563518,1836096,1988598,,,Cap Space,2813518
Garrison Mathews,HOU,1093598,1815677,1968182,2230253,,,Cap Space,1093598
Alfonzo McKinnie,CHI,1090007,2036318,,,,,Minimum Salary,202176
Jabari Parker,BOS,1068288,,,,,,,1168288
Jason Preston,LAC,1062303,1563518,1836096,,,,Mini MLE,2625821
Isaiah Livers,DET,1057260,1563518,1836096,,,,Cap Space,2620778
Guerschon Yabusele,BOS,1039080,,,,,,,1039080
Aaron Wiggins,OKC,1000000,1563518,1836096,1988598,,,Cap Space,1000000
Kyle Singler,OKC,999200,999200,,,,,,1998400
Marquese Chriss,DAL,958529,2193920,,,,,Minimum Salary,3486820
Jared Butler,UTA,925258,1563518,,,,,Minimum Salary,2488776
Greg Brown III,POR,925258,1563518,1836096,,,,Mini MLE,2488776
Miles McBride,NYK,925258,1563518,1836096,,,,Cap Space,2488776
Brandon Boston Jr.,LAC,925258,1563518,1836096,,,,Mini MLE,2488776
Marko Simonovic,CHI,925258,1563518,1836096,,,,MLE,2488776
Vit Krejci,OKC,925258,1563518,1836096,1988598,,,MLE,1707017
Charles Bassey,PHI,925258,1563518,1836096,,,,MLE,1000000
Dalano Banton,TOR,925258,1563518,,,,,Minimum Salary,925258
Jock Landale,SAS,925258,1563518,,,,,Minimum Salary,925258
Ayo Dosunmu,CHI,925258,1563518,,,,,Minimum Salary,925258
Austin Reaves,LAL,925258,,,,,,,
Luka Garza,DET,925258,,,,,,,
Lance Stephenson,IND,924730,,,,,,Minimum Salary,1476806
Stanley Johnson,LAL,888616,2351521,,,,,Minimum Salary,1248865
Miye Oni,OKC,850331,,,,,,,850331
Wayne Selden,NYK,785102,,,,,,,785102
Brad Wanamaker,IND,705598,,,,,,,705598
Alize Johnson,CHI,705598,,,,,,,705598
Shaun Livingston,GSW,666666,,,,,,,666666
Sam Merrill,MEM,663024,,,,,,Minimum Salary,663024
Danuel House Jr.,UTA,2045094,,,,,,Minimum Salary,991967
DeMarcus Cousins,MIL,759106,,,,,,,607285
Luke Kornet,BOS,606702,,,,,,Minimum Salary,606702
Ryan Arcidiacono,NYK,586136,,,,,,Minimum Salary,791798
Keifer Sykes,IND,558345,1563518,,,,,,
Caleb Martin,MIA,527614,,,,,,Minimum Salary,527614
Georgios Kalaitzakis,MIL,462629,,,,,,,462629
Gary Clark,NOP,377645,,,,,,,377645
Sam Dekker,TOR,350000,,,,,,,350000
Admiral Schofield,OKC,,,,,,,,300000
Daishen Nix,HOU,292466,1563518,1836096,1988598,,,Minimum Salary,5680678
Ish Wainright,TOR,,,,,,,,375000
Bismack Biyombo,PHO,1366392,,,,,,,1518213
DeMarcus Cousins,DEN,759106,,,,,,,455463
DeMarcus Cousins,DEN,759106,,,,,,,455463
DeMarcus Cousins,DEN,759106,,,,,,Minimum Salary,455463
Lance Stephenson,IND,924730,,,,,,,1476806
Lance Stephenson,IND,924730,,,,,,,1476806
Lance Stephenson,IND,924730,,,,,,,1476806
Lance Stephenson,IND,924730,,,,,,,1476806
Brandon Knight,DAL,,,,,,,,138019
Lance Stephenson,ATL,924730,,,,,,,138019
Troy Williams,HOU,122741,122741,,,,,,245482
Stanley Johnson,LAL,888616,2351521,,,,,,1248865
Stanley Johnson,LAL,888616,2351521,,,,,,1248865
Stanley Johnson,LAL,888616,2351521,,,,,,1248865
Stanley Johnson,CHI,888616,2351521,,,,,,120083
Marquese Chriss,DAL,958529,2193920,,,,,,3486820
Marquese Chriss,DAL,958529,2193920,,,,,,3486820
Marquese Chriss,DAL,958529,2193920,,,,,,3486820
Danuel House Jr.,UTA,2045094,,,,,,,991967
Danuel House Jr.,UTA,2045094,,,,,,,991967
Danuel House Jr.,UTA,2045094,,,,,,,991967
Danuel House Jr.,NYK,2045094,,,,,,,111457
Ryan Arcidiacono,NYK,586136,,,,,,,791798
Ryan Arcidiacono,NYK,586136,,,,,,,791798
Luke Kornet,MIL,606702,,,,,,,102831
Luke Kornet,CLE,606702,,,,,,,102831
Alfonzo McKinnie,CHI,1090007,2036318,,,,,,202176
Alfonzo McKinnie,CHI,1090007,2036318,,,,,,202176
Jabari Parker,BOS,1068288,,,,,,,1168288
Theo Pinson,DAL,,,,,,,,197076
Brad Wanamaker,WAS,705598,,,,,,,99380
Alize Johnson,WAS,705598,,,,,,,99380
Brandon Goodwin,CLE,,,,,,,,99380
Theo Pinson,DAL,,,,,,,,197076
Davon Reed,DEN,,,,,,,,286164
Davon Reed,DEN,,,,,,,,286164
Kyle Guy,MIA,,,,,,,,191860
Kyle Guy,MIA,,,,,,,,191860
Charlie Brown Jr.,PHI,,,,,,,,95930
Miye Oni,NOP,850331,,,,,,,95930
Quinndary Weatherspoon,GSW,,,,,,,,95930
Charlie Brown Jr.,DAL,,,,,,,,95930
Davon Reed,DEN,,,,,,,,286164
Demetrius Jackson,BOS,92857,92857,92857,,,,,278571
Haywood Highsmith,MIA,85578,,,,,,,171156
Haywood Highsmith,MIA,85578,,,,,,Minimum Salary,171156
Admiral Schofield,ORL,,,,,,,,169706
Emanuel Terry,PHO,85578,,,,,,Minimum Salary,85578
Tyrell Terry,MEM,1517981,1782621,,,,,,85578
Admiral Schofield,ORL,,,,,,,,169706
Malcolm Hill,CHI,,,,,,,,53176
Malcolm Hill,ATL,,,,,,,,53176
